Eagan,semper.pretium@Sedeu.org,4778441499,Sed Dolor Fusce Corp.,Ramagundam,12345678
Patrick,Donec.nibh@egestasligula.co.uk,63253548699,Eget Metus Corp.,Hull,12345678
Gage,suscipit.nonummy@nullaDonec.net,81658694699,Mollis Duis Sit LLP,Calbuco,12345678
Tallulah,lectus@tortor.edu,24487176299,Magna Cras Convallis LLP,Cervino,12345678
Jenette,Duis.at@sedsemegestas.edu,21370640399,Libero Est Congue Associates,Nasino,12345678
Naida,nisi.sem.semper@dictum.co.uk,16331756999,Cubilia Curae; Limited,Oelegem,12345678
Quail,magna.Sed@non.com,14472011799,Convallis In Cursus Incorporated,Bilaspur,12345678
Karyn,pede.ultrices.a@scelerisque.com,16226822399,Lorem Donec Incorporated,San Cristóbal de las Casas,12345678
Brandon,cursus.Integer@posuereenim.ca,5895773799,Convallis Institute,Stigliano,12345678
Whilemina,enim@ultriciesadipiscing.ca,518738099,Sollicitudin Institute,Punta Arenas,12345678
Rigel,ultricies@ProinmiAliquam.org,48496038499,Vitae Nibh Institute,Poviglio,12345678
Ciaran,Nunc.lectus@sociosquad.net,77894482599,Ornare Elit Industries,Edinburgh,12345678
Ahmed,a.neque@interdumNunc.co.uk,28288355399,Neque Sed Consulting,Ajax,12345678
Orla,arcu.Sed.eu@scelerisqueneque.net,22567557299,Parturient Foundation,Rödermark,12345678
Camilla,quis.diam.Pellentesque@maurissitamet.com,35640660999,Placerat Eget Institute,Montoggio,12345678
Katelyn,massa.Vestibulum.accumsan@nisiAeneaneget.co.uk,811222399,Mi Eleifend Ltd,Cambridge,12345678
Caleb,erat.nonummy@acrisus.org,71853554599,Suspendisse Dui Fusce Limited,Joinville,12345678
Elliott,sodales.elit@mollisnoncursus.edu,28931088799,Venenatis LLP,Karimnagar,12345678
Quin,tellus@rutrum.com,47243258599,Interdum Sed Auctor Consulting,Gunungsitoli,12345678
Tate,sed.est@id.net,72245572099,Nullam Feugiat LLC,Ficulle,12345678
Jamal,Integer.sem@blandit.co.uk,25508458899,Eget Tincidunt Dui Institute,Toronto,12345678
Devin,Nunc.laoreet@Quisque.org,62976577599,Mattis Ornare Associates,Acuña,12345678
Ignatius,ullamcorper@Donecluctusaliquet.com,63740664199,Montes Nascetur LLC,Bhimber,12345678
Patience,Phasellus@cursusluctus.co.uk,38750420399,Amet Risus Donec Institute,Heinsch,12345678
Andrew,tincidunt@justoProin.net,12555746299,Magna Malesuada Vel Corp.,Matamoros,12345678
Denton,magnis.dis.parturient@egestas.org,20644911499,Nec Associates,Hartford,12345678
Burton,lectus.rutrum@lacus.org,52876881999,Dolor Nulla LLC,Freux,12345678
Emily,blandit@luctus.net,51205030899,Pretium Et Rutrum Industries,Okotoks,12345678
Fleur,adipiscing@dolorquamelementum.ca,85920389999,Dictum Phasellus Institute,Helena,12345678
Ebony,scelerisque.scelerisque.dui@nuncestmollis.net,24214074999,Mauris Sit Company,Cawdor,12345678
Anika,dui.lectus@nec.ca,95564168599,Ut Tincidunt Vehicula Corporation,Bida,12345678
Kato,sem.magna@nisisemsemper.org,321201899,Eu Corporation,Stralsund,12345678
Iola,Curabitur.egestas.nunc@eget.com,32320932699,Sit Incorporated,Peñalolén,12345678
Priscilla,aliquam.adipiscing.lacus@sapienmolestieorci.org,41323970999,Et Commodo At PC,Chapecó,12345678
Christine,nisi@euaccumsansed.co.uk,35513992299,Augue Inc.,Lampa,12345678
Dale,euismod.mauris.eu@nonmassanon.edu,87784287199,Est Mauris Eu PC,Poggio San Marcello,12345678
Eric,erat.eget@Donec.ca,71633251299,Vestibulum Accumsan Associates,Eghezee,12345678
Jeanette,laoreet.lectus.quis@ullamcorper.net,22819643499,Enim Industries,Ajax,12345678
Destiny,lacus@nunc.edu,23981806299,Posuere Cubilia Curae; Limited,Sahiwal,12345678
Imogene,metus.Aenean.sed@Proinvelarcu.net,66729013199,Eu Eros Nam Company,Neerharen,12345678
Natalie,Ut.tincidunt@urnajustofaucibus.edu,58405630599,Sollicitudin Orci Sem Ltd,Issime,12345678
Kristen,Etiam.ligula.tortor@egetodioAliquam.org,72579140699,Eu Arcu Foundation,Le Cannet,12345678
Kibo,Quisque.tincidunt@erat.org,6441886399,Vestibulum Massa PC,Cornwall,12345678
Christian,pede.Praesent.eu@Proineget.co.uk,62848764699,Urna Institute,Hamilton,12345678
Jack,ornare@placerat.net,53388633199,Dictum Augue Institute,Nelson,12345678
Callum,adipiscing.elit.Curabitur@aliquetmagnaa.com,58899527199,Id Mollis Associates,Haßloch,12345678
Joan,vel.nisl@quisurnaNunc.ca,56995407299,Nunc In At Corp.,Gmunden,12345678
Geoffrey,montes.nascetur.ridiculus@seddictumeleifend.co.uk,54611755999,Sit Amet Consectetuer Limited,Leeuwarden,12345678
Jocelyn,Sed.neque@maurisblandit.edu,18705836099,Ut Nec Urna PC,Francofonte,12345678
Sydney,lectus@vitae.co.uk,97818871299,Ultrices Consulting,Overland Park,12345678
Veronica,Duis@tacitisociosqu.net,14705121399,Tristique Senectus Company,Jaunpur,12345678
Hayden,tortor@Vestibulumante.co.uk,9314809099,Sit Amet Dapibus PC,Reading,12345678
Dane,sem.magna.nec@pedemalesuadavel.org,29815394999,Ipsum LLP,Sint-Laureins-Berchem,12345678
Ashton,Nullam.suscipit.est@commodo.edu,68302249599,Lorem Corp.,Nocera Umbra,12345678
Quemby,sit.amet@pharetraQuisqueac.net,27945628799,Iaculis Odio Industries,Zamora,12345678
Mira,nunc.nulla.vulputate@ultricessitamet.org,95712691699,Luctus Ut Consulting,Isca sullo Ionio,12345678
Walter,tincidunt.Donec.vitae@condimentumegetvolutpat.org,61544382799,Dui Fusce Aliquam Associates,Mold,12345678
Willow,Lorem.ipsum@Craslorem.net,39984586899,Tellus Id Nunc LLP,Barasat,12345678
Uriah,est.Mauris.eu@enim.com,28952035599,Interdum Consulting,San Pedro de Atacama,12345678
Kellie,vitae@consectetueradipiscingelit.org,47202543999,Massa Non Foundation,Birkenhead,12345678
Adena,congue.In.scelerisque@amet.edu,36892604699,Cursus Et Eros Ltd,Pukekohe,12345678
Maite,nisi.magna.sed@Donecestmauris.org,33434912799,Dui In PC,Charters Towers,12345678
Dolan,mollis.Integer.tincidunt@Pellentesque.ca,18904941199,Turpis Vitae Incorporated,Hull,12345678
Charity,Vivamus.nibh.dolor@disparturient.ca,29933241699,Vivamus Sit Amet PC,Bhopal,12345678
Samuel,id.mollis.nec@sit.org,71607201399,Felis Adipiscing Fringilla Inc.,Le Puy-en-Velay,12345678
Chase,a.auctor@magnaSuspendisse.com,87870604899,Semper Nam Corp.,Verrayes,12345678
Armando,vitae.aliquet@lectus.edu,48395898799,Mi Aliquam LLC,Kolmont,12345678
Guinevere,senectus.et.netus@malesuadafames.co.uk,12836234299,Arcu Vivamus Sit Limited,Kruibeke,12345678
Emi,massa.non.ante@odiosempercursus.ca,52248647199,Semper Pretium LLC,Petit-Thier,12345678
Echo,a.magna.Lorem@ullamcorpervelit.ca,65893761999,Nec Tempus Ltd,Trivigno,12345678
Lael,Suspendisse@duiCumsociis.co.uk,46694661399,Feugiat Metus Company,Köflach,12345678
Pascale,scelerisque.mollis.Phasellus@tacitisociosquad.org,82704592599,Id Associates,Gbongan,12345678
Marshall,lectus@aliquetPhasellusfermentum.ca,42413480299,Dis Parturient Montes Industries,Cherain,12345678
Russell,Class.aptent.taciti@Mauris.com,47265874199,Gravida Aliquam Incorporated,Wijshagen,12345678
Alfonso,mauris.sapien.cursus@senectus.com,39543376399,Adipiscing Enim LLP,Chile Chico,12345678
Heidi,arcu@at.net,77394378999,Pede Ac Urna Incorporated,Billings,12345678
Shad,sapien.Cras.dolor@urnaVivamus.co.uk,22375186499,Nam Ligula Limited,Champlain,12345678
Cyrus,eu.tellus.eu@tempor.net,32756127999,Amet Diam LLP,Soacha,12345678
Oliver,dolor.elit@musProin.org,94589403999,Diam Pellentesque Habitant Corp.,Wandre,12345678
Germaine,quam.Curabitur.vel@magnaPhasellusdolor.co.uk,48820950599,Ligula Nullam Enim PC,Novgorod,12345678
Bianca,Nulla@Namac.org,33343933199,Enim Sed Nulla LLC,Montrose,12345678
Helen,Etiam@Sednunc.ca,66360988999,Nec Urna Suscipit Corp.,Ludhiana,12345678
Shay,fringilla.mi@vitaealiquameros.ca,19622766899,Ullamcorper Magna Industries,Silvan,12345678
Jason,ante.dictum.cursus@sedorci.co.uk,85537474099,Urna Foundation,Ijebu Ode,12345678
Colton,magna@liberolacus.co.uk,84681346399,Et Magnis Foundation,High Level,12345678
Cameron,Aliquam.vulputate@velit.com,67484314899,Enim Etiam Limited,Mirzapur-cum-Vindhyachal,12345678
Maxwell,dignissim.lacus.Aliquam@enim.ca,94897227599,Ante Bibendum Incorporated,Achalpur,12345678
Owen,faucibus.id@dolorsit.com,81731326799,Et LLP,Cittanova,12345678
Quinlan,cursus.Integer@mauriselitdictum.net,45584915299,Est Mollis Non Consulting,Montemignaio,12345678
Chadwick,est.mollis@SeddictumProin.org,70785732399,Amet Consectetuer Adipiscing Company,Meerut Cantonment,12345678
Christopher,Donec.nibh.enim@adipiscing.org,81338571999,Erat In LLP,Fort William,12345678
Tanya,Cum.sociis.natoque@sit.org,41324699999,Sem Mollis Dui PC,Achalpur,12345678
Carissa,erat.volutpat@molestie.co.uk,93731914099,Eleifend Vitae Corp.,Bad Homburg v. d. Höhe,12345678
Abdul,leo.Morbi@nunc.com,23262516199,Accumsan Laoreet Foundation,Kozhikode,12345678
Arsenio,iaculis@non.edu,84522029899,Integer In Magna Corp.,Chapecó,12345678
Demetrius,amet.massa.Quisque@In.edu,77219593999,Diam Inc.,Saint-Nicolas,12345678
